name,method,lm_model_path,libri_wer,libri_cer
Greedy,greedy,,0.11219750672207285,0.038127997674531275
Beam-1,beam,,0.11244194573453924,0.03803110314422751
Beam-3,beam,,0.11146418968467367,0.03783731408361998
Beam-10,beam,,0.1107308726472745,0.03769197228816433
Beam-50,beam,,0.1109753116597409,0.03769197228816433
